Y,X1,X2,X3
44,888,640,240,437,428
41,688,036,317,468,281
2,703,141,963,401,7
31,819,920,709,272,165
11,768,960,224,71,740
38,936,700,675,66,874
4,473,360,981,12,380
27,300,195,1,140
70,324,092,258,797,342
92,302,309,407,389,583
32,992,092,413,126,634
327,445,250,835,550,713
75,730,536,987,556,138
34,104,000,200,196,870
166,924,800,480,690,504
52,307,640,714,185,396
370,480,421,55,16
61,877,270,679,130,701
156,722,616,892,681,258
103,653,088,826,496,253
733,754,160,941,855,912
372,494,848,944,836,472
104,999,406,771,149,914
75,264,525,945,937,85
150,617,088,354,768,554
187,307,352,963,593,328
42,714,584,209,236,866
47,831,472,612,156,501
92,033,920,769,352,340
6,380,580,58,114,965
170,705,412,711,772,311
245,100,788,718,362,943
10,976,832,228,118,408
5,431,296,384,17,832
10,582,300,575,172,107
56,957,472,264,922,234
82,393,920,244,804,420
10,555,850,67,274,575
166,383,616,829,256,784
631,772,190,882,795,901
20,350,764,729,28,997
17,228,250,310,225,247
320,796,000,700,760,603
117,118,647,277,981,431
354,797,924,611,676,859
5,626,368,72,96,814
141,454,278,734,437,441
323,652,966,546,967,613
451,325,853,979,849,543
462,359,840,956,904,535
155,953,179,827,911,207
339,652,026,963,854,413
255,033,168,633,676,596
6,385,665,13,687,715
53,150,580,602,327,270
2,738,592,74,257,144
210,464,904,834,844,299
153,649,485,561,961,285
32,609,258,517,671,94
463,297,050,989,694,675
630,044,140,986,814,785
162,152,928,972,662,252
1,993,838,22,107,847
687,960,21,936,35
55,965,360,258,290,748
16,693,908,178,154,609
66,348,192,302,398,552
55,908,450,585,503,190
125,225,808,697,304,591
65,908,320,985,272,246
424,215,036,787,558,966
22,220,220,262,771,110
3,719,168,64,64,908
4,056,000,780,400,13
117,234,992,919,134,952
896,292,579,258,6
304,557,975,729,425,983
9,180,800,100,604,152
257,724,160,928,424,655
2,824,380,468,17,355
278,621,850,758,435,845
119,669,238,611,558,351
89,670,196,398,847,266
12,310,980,69,220,811
28,353,840,744,370,103
17,186,796,46,629,594
39,463,950,915,227,190
110,571,264,941,432,272
300,547,710,597,865,582
320,839,640,727,649,680
4,386,510,141,915,34
34,807,748,181,262,734
12,145,104,386,276,114
55,996,160,410,776,176
194,663,531,779,283,883
129,000,300,682,485,390
97,317,500,875,166,670
158,776,200,660,990,243
58,447,872,72,906,896
280,476,477,294,2
14,033,976,118,212,561
82,369,980,105,924,849
11,986,380,105,756,151
9,747,504,254,104,369
132,837,078,869,698,219
243,744,160,985,814,304
146,013,840,756,370,522
92,726,736,436,958,222
10,557,050,310,245,139
301,115,562,451,998,669
33,073,040,826,520,77
5,176,892,703,28,263
442,688,944,668,841,788
355,947,080,460,919,842
163,713,231,657,297,839
30,258,600,370,174,470
66,435,609,703,289,327
123,455,421,597,999,207
260,989,890,878,399,745
3,145,431,417,397,19
262,236,000,820,390,820
127,691,808,948,226,596
15,061,824,948,48,331
76,358,700,198,450,857
78,872,520,164,782,615
58,165,380,268,265,819
36,202,440,808,103,435
142,219,476,292,567,859
27,030,784,662,128,319
139,122,594,369,442,853
123,229,260,990,523,238
93,253,248,669,726,192
6,350,994,83,218,351
246,029,784,429,616,931
63,488,578,653,173,562
76,640,148,234,663,494
5,971,420,85,193,364
70,955,825,925,79,971
54,232,308,963,988,57
116,482,700,526,430,515
122,985,401,217,769,737
116,172,840,399,502,580
130,993,032,239,557,984
206,318,112,988,264,791
213,966,760,553,680,569
68,571,360,888,99,780
29,364,712,977,34,884
162,074,016,438,593,624
8,881,701,349,51,499
278,854,830,570,521,939
503,627,880,883,840,679
270,558,008,787,392,877
208,193,166,967,443,486
51,378,200,262,212,925
192,150,660,663,860,337
450,984,86,92,57
228,983,040,960,834,286
787,920,49,80,201
9,812,904,184,613,87
11,772,560,155,808,94
195,860,640,942,460,452
258,273,416,467,947,584
10,420,860,580,113,159
934,176,8,222,526
15,769,950,50,653,483
71,028,594,819,842,103
206,037,036,828,349,713
55,289,562,521,769,138
106,910,675,239,617,725
105,826,992,526,404,498
516,812,346,837,866,713
11,635,968,384,278,109
29,906,360,44,814,835
77,277,750,250,551,561
155,280,138,871,258,691
75,303,116,553,236,577
140,654,416,266,842,628
73,969,662,617,318,377
17,380,440,605,168,171
38,950,912,352,416,266
159,612,508,206,859,902
341,462,016,474,804,896
46,758,244,526,526,169
160,752,973,647,677,367
13,958,122,697,527,38
179,356,290,274,755,867
247,822,944,618,706,568
15,628,800,704,50,444
46,817,925,363,335,385
17,600,560,248,470,151
156,647,643,997,249,631
47,351,154,461,318,323
79,289,850,647,285,430
119,157,480,820,621,234
18,727,038,339,837,66
241,848,880,556,910,478
36,936,000,864,450,95
65,482,087,319,881,233
104,399,834,154,773,877
95,827,200,560,186,920
593,688,58,853,12
282,282,2,429,329
1,890,162,213,17,522
75,855,699,661,369,311
46,464,166,79,977,602
181,431,360,432,913,460
29,519,854,986,47,637
48,627,840,516,160,589
310,168,411,959,643,503
22,435,200,760,205,144
205,780,456,881,776,301
15,931,500,190,130,645
4,839,534,54,413,217
116,819,976,601,623,312
30,584,400,924,662,50
224,537,040,894,299,840
113,404,848,514,348,634
97,050,800,685,322,440
146,648,460,399,470,782
328,029,520,574,785,728
209,029,590,695,682,441
23,800,188,274,467,186
60,913,692,973,74,846
721,104,249,8,362
3,781,008,88,126,341
89,648,900,775,484,239
17,840,088,162,399,276
109,202,688,854,333,384
50,423,958,243,347,598
3,588,480,84,240,178
468,725,400,900,858,607
3,806,708,74,289,178
397,270,536,996,598,667
92,849,094,117,857,926
12,292,560,180,84,813
59,021,830,590,461,217
313,949,625,555,605,935
1,106,028,63,228,77
14,335,440,552,70,371
19,466,180,365,398,134
48,840,048,843,284,204
489,651,085,595,869,947
334,048,275,695,971,495
1,018,112,32,164,194
214,891,060,790,491,554
136,553,760,665,279,736
8,535,256,932,38,241
612,175,806,891,746,921
189,150,830,446,701,605
7,128,18,132,3
100,797,840,110,979,936
204,050,308,994,473,434
40,130,265,769,245,213
4,782,176,592,577,14
7,192,640,676,95,112
25,613,577,89,627,459
248,131,944,587,824,513
4,927,104,846,28,208
47,967,600,240,355,563
255,359,916,474,889,606
40,011,150,695,95,606
20,429,696,151,604,224
301,544,388,694,606,717
306,191,280,615,592,841
37,209,600,640,102,570
403,638,270,805,866,579
17,087,840,418,292,140
530,004,048,861,974,632
22,632,4,82,69
1,054,620,6,651,270
324,362,610,403,813,990
18,774,600,249,130,580
67,534,194,691,537,182
200,473,056,232,889,972
15,465,294,689,258,87
29,555,214,102,719,403
55,695,213,399,289,483
48,994,956,183,999,268
257,311,490,670,697,551
40,960,16,20,128
746,955,503,9,165
149,616,160,796,635,296
30,078,510,77,449,870
19,407,906,207,362,259
195,689,448,493,894,444
2,814,552,186,582,26
2,019,734,97,58,359
55,004,400,463,550,216
334,518,300,491,757,900
70,895,552,416,259,658
531,160,186,881,619,974
66,220,032,136,634,768
1,166,400,120,324,30
36,484,992,81,612,736
124,975,872,972,328,392
60,770,682,294,357,579
2,535,768,4,859,738
185,617,068,301,708,871
59,820,228,702,274,311
25,482,990,285,494,181
77,018,112,822,488,192
100,133,376,256,469,834
6,215,638,422,103,143
29,183,616,141,224,924
123,649,590,655,431,438
37,265,564,553,991,68
7,645,696,548,64,218
22,205,920,968,37,620
616,967,880,862,906,790
22,176,000,56,750,528
227,164,192,841,736,367
1,587,936,34,834,56
77,996,040,335,327,712
449,142,408,858,999,524
304,684,380,798,534,715
110,770,075,569,325,599
28,296,192,906,244,128
84,824,208,301,824,342
212,476,736,464,956,479
195,286,560,722,690,392
33,809,481,571,459,129
251,229,000,500,662,759
38,232,320,80,502,952
40,561,376,752,181,298
295,763,412,543,794,686
53,346,600,178,370,810
26,354,349,369,537,133
275,878,872,764,486,743
6,793,472,544,28,446
243,432,161,108,14
35,484,480,72,666,740
1,015,312,92,356,31
217,106,432,934,512,454
196,383,390,987,202,985
490,200,172,38,75
39,338,464,736,473,113
208,456,930,505,647,638
43,378,860,716,577,105
40,320,9,640,7
87,278,100,897,973,100
261,628,750,625,673,622
448,679,055,759,955,619
129,829,664,184,842,838
233,617,280,688,653,520
352,833,800,950,506,734
108,344,987,997,271,401
9,730,800,360,530,51
842,508,269,27,116
1,639,344,168,82,119
122,476,536,186,819,804
376,807,984,889,944,449
39,045,342,339,133,866
1,676,160,128,27,485
26,019,994,77,634,533
36,048,376,364,169,586
529,606,350,958,675,819
97,724,928,224,976,447
274,849,875,555,775,639
65,537,164,154,547,778
79,542,648,729,593,184
137,870,901,579,609,391
21,082,320,504,235,178
165,425,568,322,834,616
58,058,262,171,426,797
371,101,500,595,990,630
233,963,172,774,359,842
4,505,424,46,583,168
163,452,168,207,792,997
57,710,880,270,438,488
36,578,100,226,249,650
19,148,754,339,122,463
43,552,742,157,398,697
74,213,920,440,566,298
265,312,344,726,887,412
34,253,352,399,292,294
11,221,476,79,178,798
62,383,728,934,88,759
241,012,396,421,668,857
440,683,680,920,669,716
89,618,364,198,817,554
51,799,264,517,124,808
289,408,275,507,885,645
477,483,424,968,508,971
32,110,950,593,950,57
387,576,257,419,941,983
39,123,621,753,251,207
87,618,960,143,851,720
306,799,560,444,743,930
97,089,210,207,527,890
91,849,914,949,114,849
6,311,040,19,640,519
162,469,087,781,277,751
166,101,572,196,949,893
154,516,740,867,380,469
379,660,836,636,673,887
127,523,700,300,647,657
164,118,960,648,310,817
184,323,700,410,671,670
234,848,064,561,844,496
728,731,575,781,957,975
10,445,652,18,674,861
54,119,625,389,175,795
110,191,620,510,253,854
180,092,640,930,784,247
7,152,172,782,34,269
126,965,980,730,199,874
333,615,870,705,593,798
76,974,232,472,901,181
1,370,520,540,54,47
14,015,156,74,674,281
37,321,872,831,56,802
31,209,984,468,521,128
29,952,72,1,416
11,759,410,65,289,626
42,145,389,687,429,143
36,691,212,337,844,129
5,743,080,70,172,477
29,366,400,345,896,95
79,343,250,635,150,833
126,613,552,442,488,587
11,599,797,23,899,561
95,761,926,234,659,621
150,535,938,597,581,434
16,051,056,713,67,336
49,805,840,665,496,151
26,013,672,901,36,802
279,618,570,693,785,514
275,773,230,639,515,838
35,351,940,743,732,65
2,050,048,182,32,352
179,591,130,859,230,909
31,199,608,242,386,334
81,384,600,708,209,550
4,279,104,23,544,342
65,309,706,693,339,278
400,596,575,725,809,683
7,129,180,19,514,730
33,874,340,919,485,76
42,616,600,443,925,104
284,354,700,430,987,670
92,643,810,399,535,434
227,794,440,678,785,428
402,925,710,781,593,870
67,399,200,825,444,184
141,157,632,704,462,434
129,791,090,715,281,646
489,972,000,700,921,760
18,996,352,856,304,73
306,333,216,846,427,848
53,380,458,774,97,711
13,802,184,222,628,99
11,198,262,542,71,291
130,504,254,183,851,838
1,363,702,43,101,314
108,904,824,151,972,742
400,945,545,567,989,715
249,614,552,886,337,836
98,347,392,704,351,398
51,156,670,430,271,439
2,180,607,39,221,253
3,975,282,538,9,821
41,640,039,387,133,809
517,826,112,906,848,674
106,656,914,739,854,169
190,400,760,363,705,744
33,461,340,242,838,165
176,175,648,501,528,666
158,122,674,551,298,963
13,611,672,232,369,159
24,479,910,130,343,549
307,901,440,880,616,568
7,314,658,871,494,17
21,917,200,698,314,100
3,562,548,548,197,33
86,020,000,368,625,374
151,032,000,310,800,609
151,059,006,861,486,361
26,898,480,120,378,593
32,386,844,886,98,373
70,851,120,445,856,186
354,014,528,658,731,736
8,610,750,125,774,89
16,410,654,78,873,241
9,032,166,261,242,143
515,296,650,957,550,979
254,552,220,711,884,405
35,145,405,443,387,205
45,205,120,166,320,851
157,363,668,198,889,894
130,420,620,132,995,993
230,789,250,786,435,675
16,087,500,66,250,975
579,140,100,770,822,915
47,955,807,157,419,729
113,223,755,205,709,779
99,123,754,254,983,397
276,035,936,748,652,566
92,925,014,281,598,553
280,022,391,549,979,521
109,397,160,185,764,774
8,512,776,348,453,54
1,018,584,129,188,42
514,710,430,133,9
260,404,200,996,525,498
4,304,872,424,923,11
54,815,088,772,244,291
32,334,731,283,611,187
5,110,699,319,37,433
1,071,925,25,53,809
96,975,360,122,828,960
209,740,050,570,629,585
227,820,355,545,931,449
36,850,688,212,224,776
351,036,000,525,796,840
28,777,728,224,212,606
121,160,340,723,420,399
230,621,851,593,457,851
348,614,568,522,839,796
356,108,000,800,701,635
65,038,441,871,89,839
27,349,320,232,145,813
261,746,862,586,507,881
5,448,006,27,233,866
49,351,224,734,862,78
41,482,800,276,180,835
72,753,408,347,336,624
17,824,092,188,187,507
29,658,004,227,178,734
33,423,104,704,83,572
11,025,608,44,698,359
129,455,040,656,276,715
201,959,820,970,387,538
74,973,528,538,147,948
6,621,976,184,73,493
455,809,032,771,782,756
19,487,888,196,134,742
63,323,370,103,690,891
57,092,968,634,94,958
1,638,558,219,43,174
24,139,836,863,756,37
4,636,455,89,755,69
72,872,298,243,662,453
277,937,010,711,485,806
170,552,480,445,413,928
1,840,644,171,828,13
3,024,000,63,600,80
372,672,300,714,550,949
766,150,10,385,199
28,190,004,367,346,222
260,802,612,954,283,966
34,913,632,943,416,89
224,189,504,776,392,737
128,765,296,227,586,968
1,584,684,146,402,27
48,832,128,582,456,184
180,629,436,533,911,372
153,473,250,287,775,690
75,131,168,304,973,254
36,424,960,143,796,320
82,607,125,925,337,265
2,027,956,322,47,134
3,566,277,489,221,33
83,421,400,152,725,757
14,721,048,171,211,408
449,177,400,700,918,699
249,730,068,581,588,731
163,214,163,837,623,313
808,992,159,96,53
99,728,850,130,771,995
324,097,326,993,818,399
4,680,504,932,837,6
83,418,286,322,833,311
82,192,548,316,831,313
92,620,388,947,196,499
14,056,733,757,31,599
3,881,592,58,117,572
99,968,618,566,347,509
90,288,954,259,642,543
217,077,588,989,469,468
13,972,896,203,72,956
8,993,460,49,874,210
460,997,680,944,715,683
469,251,490,878,695,769
1,003,536,92,27,404
367,440,975,615,639,935
8,014,864,143,113,496
124,907,787,981,157,811
15,863,360,160,557,178
171,248,140,541,931,340
61,062,400,280,464,470
42,770,976,179,393,608
16,074,741,159,313,323
105,683,320,241,577,760
62,005,968,692,786,114
28,513,800,124,511,450
582,450,55,706,15
65,114,478,143,617,738
293,427,684,493,891,668
30,370,296,402,187,404
110,671,440,515,444,484
253,227,420,698,417,870
82,027,296,134,702,872
48,935,588,221,281,788
306,570,000,330,929,1000
101,848,080,860,417,284
755,351,460,855,887,996
77,721,639,211,617,597
211,200,680,730,958,302
423,657,585,851,555,897
145,810,784,584,482,518
2,516,580,44,369,155
15,679,013,61,511,503
57,504,300,300,973,197
1,958,208,94,31,672
1,990,200,10,214,930
200,041,160,946,436,485
25,143,615,405,343,181
221,040,904,596,413,898
410,228,952,868,681,694
76,428,000,220,965,360
108,726,646,487,518,431
137,820,375,555,301,825
108,979,136,392,589,472
20,093,304,77,393,664
42,426,288,436,477,204
191,473,344,736,298,873
12,394,547,869,17,839
5,466,006,611,71,126
48,336,750,651,825,90
14,758,356,194,93,818
177,150,991,529,541,619
65,571,264,88,948,786
97,524,416,368,317,836
579,899,796,917,906,698
147,466,010,454,835,389
280,137,088,602,704,661
213,381,043,727,349,841
4,393,730,22,295,677
75,480,084,677,342,326
19,442,475,255,663,115
39,687,296,142,397,704
27,352,080,972,201,140
92,328,624,414,914,244
86,780,008,916,707,134
31,132,344,258,622,194
142,547,040,647,540,408
25,282,692,333,171,444
435,358,794,923,762,619
233,158,395,795,313,937
463,307,200,505,940,976
160,231,885,935,409,419
15,407,868,217,244,291
3,046,680,140,806,27
96,773,460,133,804,905
36,150,768,724,73,684
125,827,650,685,390,471
20,801,145,227,447,205
224,437,500,375,700,855
34,828,988,109,629,508
87,611,706,351,294,849
67,079,040,147,640,713
102,951,136,452,568,401
115,798,548,327,892,397
472,650,685,345,2
116,357,472,954,616,198
161,621,460,858,630,299
321,120,330,995,447,722
280,748,736,601,576,811
158,818,704,341,744,626
51,324,840,930,73,756
201,969,002,586,523,659
13,574,484,693,236,83
155,640,228,654,257,926
15,639,120,145,428,252
12,552,273,207,493,123
30,517,344,507,792,76
401,711,532,739,934,582
172,081,803,691,771,323
193,182,756,278,906,767
90,175,140,990,323,282
2,590,800,240,85,127
66,986,260,946,146,485
7,478,030,337,634,35
255,110,126,983,289,898
159,239,304,966,228,723
11,410,581,91,853,147
4,565,862,27,329,514
188,080,200,575,396,826
5,572,944,687,39,208
35,593,920,360,727,136
99,788,436,183,918,594
1,221,000,550,222,10
9,874,872,72,933,147
77,918,016,869,96,934
27,160,173,353,309,249
77,831,793,299,837,311
150,819,488,662,464,491
235,460,004,538,543,806
25,775,298,643,51,786
10,231,100,50,781,262
444,860,000,725,800,767
173,376,645,645,377,713
141,071,787,457,999,309
157,561,950,357,455,970
352,631,300,812,599,725
371,235,724,622,653,914
17,837,415,135,477,277
310,820,286,829,678,553
77,231,340,564,537,255
145,520,334,421,346,999
218,938,864,982,899,248
7,077,708,586,366,33
264,439,074,426,703,883
7,532,280,49,168,915
964,800,36,670,40
261,996,420,890,301,978
57,859,200,738,800,98
80,350,920,520,873,177
34,657,455,773,105,427
296,696,400,950,676,462
79,211,139,591,467,287
170,860,635,407,855,491
22,336,600,121,568,325
21,328,524,963,791,28
30,240,000,225,320,420
24,835,185,937,95,279
3,904,614,21,798,233
52,101,504,728,426,168
15,524,935,815,443,43
755,274,1,897,842
27,044,820,174,471,330
142,325,190,510,291,959
501,826,650,835,871,690
237,942,360,837,824,345
78,189,285,155,543,929
206,441,514,621,463,718
1,942,920,90,28,771
104,660,672,733,368,388
323,723,136,692,528,886
119,721,159,929,387,333
19,146,773,103,881,211
20,229,660,45,601,748
82,744,554,709,734,159
526,011,164,983,659,812
53,134,410,105,842,601
385,320,960,960,592,678
230,602,036,994,454,511
4,015,440,360,66,169
406,925,648,908,724,619
5,407,020,589,34,270
7,665,528,933,26,316
34,440,948,654,786,67
35,591,120,920,667,58
2,126,592,96,426,52
10,908,280,380,31,926
154,832,370,582,385,691
25,503,328,547,992,47
44,443,854,234,301,631
194,473,270,698,515,541
36,505,896,236,609,254
217,044,480,295,958,768
102,098,736,612,233,716
136,960,000,1000,428,320
7,402,780,28,605,437
63,456,274,929,98,697
300,931,064,518,622,934
216,680,640,340,852,748
85,262,685,505,501,337
35,367,170,194,505,361
96,135,000,195,725,680
47,964,875,287,191,875
12,614,784,84,416,361
57,438,324,564,409,249
33,793,875,459,589,125
235,760,672,469,683,736
122,095,360,181,680,992
226,565,766,722,357,879
86,462,306,433,839,238
293,416,110,507,606,955
25,049,732,83,788,383
44,894,220,695,769,84
1,077,528,76,51,278
170,954,154,417,681,602
23,517,648,126,202,924
652,985,065,703,943,985
9,476,250,722,875,15
248,853,089,493,857,589
40,163,928,123,476,686
6,887,880,57,159,760
178,553,485,253,955,739
417,055,968,849,731,672
374,331,312,426,984,893
141,435,000,700,225,898
117,915,900,755,411,380
232,986,780,481,621,780
52,687,290,362,465,313
133,607,012,418,553,578
5,090,613,353,627,23
230,955,276,941,452,543
476,316,262,606,3
2,798,640,690,312,13
105,705,600,176,700,858
141,196,440,840,407,413
585,036,452,962,847,718
70,269,449,181,557,697
31,616,360,332,535,178
11,299,743,63,657,273
296,856,2,868,171
11,275,506,62,501,363
48,393,576,232,441,473
40,466,790,351,183,630
69,052,200,105,820,802
2,265,600,472,16,300
19,402,740,261,826,90
138,039,552,634,896,243
2,469,050,874,25,113
78,863,850,650,549,221
10,589,600,992,35,305
64,393,560,920,77,909
240,996,6,266,151
67,727,016,882,474,162
353,418,032,697,688,737
401,675,040,998,559,720
212,949,720,955,228,978
368,434,170,981,535,702
184,163,924,919,476,421
286,270,790,466,845,727
208,264,320,576,418,865
51,572,220,310,699,238
16,907,940,142,315,378
235,045,740,345,932,731
118,580,2,70,847
26,635,920,435,356,172
30,589,650,455,166,405
13,924,725,401,75,463
148,717,452,852,377,463
393,822,153,429,6
1,309,770,33,441,90
7,433,625,461,215,75
7,347,186,891,589,14
385,899,888,739,946,552
120,290,368,437,748,368
36,672,790,97,385,982
321,210,750,885,610,595
67,788,315,735,213,433
359,877,102,689,789,662
128,903,736,732,338,521
14,718,114,487,438,69
177,313,725,447,615,645
56,814,615,297,327,585
263,310,200,815,788,410
228,621,978,397,598,963
20,758,150,35,635,934
339,762,192,671,959,528
9,091,472,401,104,218
108,297,496,824,167,787
15,960,960,170,192,489
8,237,220,254,141,230
122,288,958,859,198,719
46,723,370,563,193,430
24,849,204,249,122,818
36,792,288,317,234,496
87,218,640,813,144,745
3,901,950,435,15,598
17,521,200,558,157,200
65,777,608,257,299,856
13,079,783,617,29,731
1,525,080,30,142,358
7,035,984,89,244,324
67,349,520,498,245,552
6,710,880,496,205,66
28,557,360,390,81,904
31,650,380,310,142,719
81,546,960,506,948,170
31,601,310,195,271,598
31,899,448,226,142,994
115,913,224,553,266,788
74,225,816,271,511,536
173,038,086,871,702,283
9,738,792,513,339,56
207,698,760,558,503,740
228,540,836,953,359,668
314,752,592,569,898,616
7,455,690,153,55,886
149,315,190,915,587,278
337,119,161,733,619,743
32,848,200,790,385,108
367,344,432,578,728,873
75,118,225,371,325,623
95,180,160,320,557,534
18,448,870,22,965,869
5,045,456,26,764,254
215,386,850,661,475,686
87,641,155,805,151,721
127,281,000,250,798,638
118,959,676,187,718,886
50,816,024,329,172,898
4,626,240,192,61,395
297,315,552,632,591,796
18,436,000,419,220,200
84,418,824,532,318,499
142,290,45,31,102
24,370,440,174,940,149
671,811,360,860,807,968
190,603,035,651,655,447
42,617,280,160,618,431
16,153,020,885,676,27
50,663,520,144,466,755
5,663,196,567,44,227
5,365,140,739,165,44
338,371,800,676,705,710
19,808,542,59,349,962
109,471,230,899,369,330
104,069,560,839,443,280
88,620,800,488,800,227
20,455,820,718,70,407
21,140,420,29,820,889
22,886,556,924,799,31
25,077,360,115,616,354
6,379,648,32,506,394
142,892,880,845,271,624
283,879,651,979,629,461
396,604,648,641,712,869
6,786,870,145,87,538
21,442,644,153,687,204
321,302,958,951,646,523
18,832,652,977,158,122
52,510,752,854,252,244
62,088,390,294,585,361
245,103,504,593,632,654
5,931,420,418,15,946
206,031,648,244,906,932
214,414,848,608,711,496
164,136,375,675,435,559
308,141,820,937,348,945
134,345,520,820,164,999
44,300,844,162,357,766
22,551,936,836,281,96
61,827,507,387,203,787
226,357,488,318,892,798
74,293,560,657,257,440
109,697,166,354,621,499
424,512,264,6,268
7,269,264,432,71,237
593,035,480,956,697,890
269,237,592,626,468,919
140,092,832,968,388,373
234,019,800,906,615,420
203,953,067,829,347,709
59,774,286,699,299,286
2,003,488,137,32,457
47,978,496,256,274,684
87,570,990,409,702,305
78,318,800,664,674,175
151,990,410,429,355,998
137,565,054,209,918,717
597,852,480,898,760,876
381,713,044,961,998,398
114,533,360,376,734,415
136,435,200,264,800,646
118,169,380,173,697,980
197,751,294,699,837,338
27,538,980,95,348,833
429,588,250,821,650,805
117,883,296,334,817,432
113,694,210,889,245,522
117,248,877,657,711,251
528,124,800,725,896,813
25,276,680,858,60,491
393,884,050,490,965,833
12,177,600,177,344,200
517,206,144,984,988,532
19,012,816,262,193,376
95,121,600,190,560,894
173,403,090,777,258,865
37,773,120,77,960,511
47,044,800,880,810,66
14,380,800,48,535,560
386,131,830,854,645,701
12,303,480,151,485,168
30,129,440,190,187,848
102,382,350,843,350,347
5,024,475,25,411,489
256,010,400,775,333,992
341,944,946,926,743,497
15,337,490,113,245,554
65,761,038,294,857,261
57,038,604,677,708,119
76,176,23,6,552
135,120,810,365,869,426
40,357,625,125,539,599
540,460,000,886,610,1000
142,262,052,519,556,493
163,653,765,517,449,705
10,155,936,254,204,196
372,459,120,860,748,579
69,806,625,125,917,609
43,197,000,119,375,968
325,260,594,873,622,599
155,789,606,541,614,469
8,960,181,123,751,97
892,164,494,21,86
129,493,728,854,324,468
262,983,200,488,634,850
64,840,040,395,289,568
285,826,000,482,593,1000
111,579,624,426,897,292
207,334,080,684,360,842
73,877,440,559,160,826
41,010,639,107,509,753
86,297,316,778,399,278
269,895,990,763,390,907
25,277,472,101,396,632
7,226,877,393,71,259
219,663,360,908,756,320
14,025,960,234,666,90
226,276,624,452,532,941
42,528,094,961,218,203
7,766,640,115,536,126
84,817,692,783,306,354
280,843,130,691,838,485
17,655,940,97,958,190
212,550,218,25,39
1,613,473,59,41,667
2,544,798,61,51,818
6,664,680,66,135,748
267,313,924,569,514,914
75,988,220,931,110,742
77,999,240,220,659,538
100,530,750,933,250,431
348,021,366,967,779,462
21,723,080,95,566,404
3,039,936,284,669,16
29,795,220,68,585,749
34,727,976,414,626,134
6,744,852,103,153,428
93,524,992,736,209,608
47,036,250,555,113,750
1,308,447,301,189,23
49,574,700,366,774,175
412,833,200,985,496,845
49,934,784,919,283,192
192,697,692,781,348,709
119,202,300,210,901,630
374,172,210,918,937,435
29,984,192,224,527,254
18,364,896,186,363,272
46,938,320,373,715,176
205,912,500,850,750,323
55,714,688,992,739,76
67,688,352,157,432,998
55,006,062,467,293,402
195,935,832,877,348,642
226,951,088,442,692,742
158,027,274,527,617,486
6,412,160,688,233,40
105,486,955,527,931,215
177,176,160,558,720,441
12,379,376,167,113,656
287,845,440,912,734,430
1,113,768,18,499,124
67,579,875,635,495,215
6,288,204,519,26,466
14,549,880,145,904,111
8,485,972,197,44,979
23,857,920,57,545,768
111,825,450,638,225,779
224,170,920,758,930,318
18,124,062,97,627,298
106,717,548,706,413,366
21,110,625,695,405,75
156,959,640,680,309,747
146,581,488,639,972,236
101,135,192,328,613,503
141,597,456,858,392,421
180,247,146,674,919,291
13,329,280,320,353,118
500,217,984,899,576,966
1,523,340,124,455,27
153,732,600,675,581,392
27,533,115,527,645,81
89,424,522,527,198,857
445,822,110,782,615,927
173,605,104,529,774,424
154,881,216,642,336,718
77,361,696,918,458,184
3,439,236,12,391,733
473,774,770,959,778,635
93,383,352,163,584,981
453,377,792,784,769,752
554,932,952,763,916,794
64,739,136,264,406,604
56,162,784,114,751,656
67,397,859,519,423,307
51,115,956,106,898,537
388,800,54,9,800
200,032,000,608,500,658
5,514,180,266,30,691
156,523,653,481,519,627
120,459,960,810,153,972
218,657,700,361,900,673
26,528,936,322,172,479
157,224,852,937,711,236
137,470,392,927,444,334
4,951,044,54,354,259
53,323,200,966,115,480
6,079,360,590,368,28
31,516,212,186,637,266
270,810,000,680,750,531
166,077,456,536,914,339
16,732,920,95,492,358
9,590,724,858,18,621
19,467,000,100,630,309
372,506,420,932,715,559
345,089,370,951,554,655
16,060,464,282,84,678
19,043,424,324,474,124
250,845,084,966,339,766
222,147,825,965,515,447
142,717,024,919,184,844
166,586,112,939,336,528
435,906,212,644,743,911
10,562,650,586,25,721
657,599,355,993,833,795
297,019,980,915,639,508
93,828,168,466,987,204
89,244,540,548,165,987
322,591,500,798,525,770
1,525,032,531,4,718
58,623,004,866,181,374
18,473,064,879,568,37
651,503,202,861,794,953
112,124,250,945,150,791
11,122,020,546,210,97
226,933,068,901,906,278
210,547,362,471,794,563
309,507,220,809,407,940
65,145,780,298,347,630
345,177,140,649,580,917
10,429,856,23,592,766
189,829,500,895,505,420
28,633,950,969,197,150
12,622,422,57,842,263
294,532,875,735,685,585
150,509,792,458,376,874
164,842,860,681,637,380
44,145,395,161,899,305
612,480,64,319,30
235,010,278,779,646,467
115,101,264,744,206,751
13,607,388,274,801,62
592,950,335,354,5
3,080,286,47,662,99
51,644,736,484,228,468
99,386,080,244,599,680
392,333,964,503,836,933
73,394,262,709,142,729
549,000,080,965,961,592
160,023,006,621,286,901
21,088,800,150,348,404
198,880,500,282,806,875
63,006,300,822,175,438
12,040,500,345,349,100
381,447,808,961,886,448
147,429,360,494,829,360
369,092,304,612,724,833
1,271,610,710,3,597
405,594,1,783,518
153,272,000,350,595,736
12,459,408,52,487,492
23,609,600,217,320,340
2,614,680,45,538,108
109,786,320,685,252,636
33,198,960,340,474,206
120,255,696,869,372,372
44,494,029,621,171,419
61,922,718,363,234,729
514,535,580,741,978,710
32,972,400,387,355,240
280,097,183,499,589,953
157,137,120,786,980,204
130,409,520,580,914,246
204,440,544,594,878,392
20,180,020,427,340,139
31,295,376,237,917,144
350,440,992,918,482,792
37,796,850,390,497,195
733,326,33,82,271
93,249,216,856,612,178
20,276,240,340,877,68
22,912,176,37,679,912
35,674,830,831,162,265
95,927,454,186,861,599
25,665,120,457,312,180
43,710,975,725,77,783
98,355,936,696,721,196
21,695,940,257,938,90
168,082,740,323,708,735
519,429,360,642,904,895
430,657,452,996,449,963
17,080,536,87,253,776
143,902,176,638,508,444
101,359,440,245,624,663
155,537,760,784,778,255
191,069,664,848,799,282
13,470,912,112,234,514
193,562,640,830,237,984
35,499,440,548,205,316
235,795,820,635,386,962
64,260,966,758,231,367
89,274,734,463,229,842
55,224,840,170,642,506
405,643,700,758,550,973
36,393,896,917,44,902
155,723,400,680,727,315
27,719,625,383,579,125
27,359,856,681,62,648
34,123,080,731,778,60
182,519,040,704,447,580
51,624,216,189,456,599
27,207,495,189,315,457
45,417,480,348,842,155
129,434,850,751,383,450
17,038,320,52,860,381
73,955,684,319,958,242
19,202,832,898,54,396
332,024,308,22,49
498,456,43,138,84
125,554,734,927,562,241
188,767,044,666,582,487
151,604,154,494,793,387
58,252,833,963,241,251
230,429,080,335,692,994
3,558,120,796,30,149
382,223,160,734,990,526
81,933,908,574,149,958
28,970,304,174,172,968
13,348,400,50,884,302
242,109,672,581,776,537
1,152,360,110,12,873
322,025,116,673,644,743
155,625,732,894,342,509
438,965,760,732,937,640
82,826,772,602,997,138
2,591,500,365,100,71
150,982,494,597,923,274
2,968,251,121,629,39
268,354,944,543,792,624
32,005,688,286,554,202
206,932,440,780,341,778
50,163,984,78,762,844
209,385,988,467,956,469
371,235,150,825,702,641
67,526,091,391,279,619
109,211,400,255,430,996
7,149,700,710,530,19
1,643,310,31,186,285
612,793,315,695,941,937
9,554,688,16,696,858
129,973,690,358,451,805
13,899,732,196,307,231
375,610,240,790,646,736
29,897,728,448,86,776
350,224,854,474,833,887
229,572,911,14,18
61,352,640,135,576,789
20,452,768,262,238,328
62,697,360,508,220,561
116,883,456,192,928,656
55,040,406,237,302,769
100,494,135,665,193,783
51,302,160,232,351,630
472,236,000,575,885,928
202,025,016,837,339,712
1,049,648,17,272,227
4,244,562,42,171,591
75,077,520,690,469,232
111,184,920,955,308,378
256,945,822,431,679,878
3,017,968,92,236,139
24,046,500,300,697,115
344,917,964,731,659,716
20,895,448,467,68,658
87,670,800,639,700,196
41,730,304,176,464,511
343,496,160,921,720,518
2,574,000,30,220,390
7,019,363,43,377,433
181,379,568,664,318,859
190,707,264,381,632,792
7,883,664,444,92,193
27,909,070,85,658,499
80,225,904,264,727,418
31,188,960,360,716,121
54,406,170,819,910,73
128,487,918,494,479,543
26,869,131,531,101,501
1,801,828,98,317,58
136,382,004,524,717,363
134,885,960,290,484,961
13,658,400,70,240,813
187,893,750,911,375,550
62,268,494,991,178,353
39,739,860,690,58,993
41,509,440,812,144,355
52,431,390,330,251,633
309,471,750,875,441,802
237,944,832,768,824,376
57,705,375,475,455,267
200,620,771,631,661,481
243,474,336,588,852,486
41,811,968,512,128,638
1,448,111,7,283,731
255,321,792,683,704,531
35,545,776,294,889,136
333,107,038,727,649,706
118,506,240,810,762,192
31,878,000,100,644,495
31,964,415,735,277,157
4,812,402,769,298,21
14,359,518,647,822,27
181,191,432,941,852,226
47,307,260,374,278,455
207,275,424,372,578,964
5,083,008,488,868,12
2,709,252,36,91,827
237,790,131,521,911,501
310,944,744,444,891,786
37,140,390,129,630,457
153,321,750,821,250,747
12,476,640,220,136,417
17,234,195,47,565,649
410,696,286,627,826,793
69,407,532,646,282,381
17,945,515,245,89,823
1,591,702,41,826,47
86,725,500,570,425,358
117,036,052,691,263,644
10,598,280,185,93,616
75,775,392,176,938,459
190,043,100,878,450,481
114,982,680,296,551,705
117,559,640,673,397,440
6,088,446,98,117,531
12,774,990,74,677,255
190,173,606,921,602,343
16,896,957,579,77,379
143,012,676,746,718,267
56,472,878,121,518,901
590,854,004,754,839,934
8,416,980,108,109,715
65,862,720,84,891,880
6,337,288,139,278,164
522,966,696,762,772,889
9,250,894,397,61,382
80,580,192,847,991,96
127,972,000,428,920,325
1,210,275,165,815,9
9,827,100,15,716,915
131,502,327,493,649,411
71,354,100,578,823,150
152,297,730,806,741,255
1,725,102,239,18,401
28,518,180,730,102,383
107,402,821,223,697,691
6,780,375,287,945,25
336,408,072,938,572,627
71,431,122,854,569,147
175,639,730,859,254,805
178,688,125,875,869,235
214,084,264,412,527,986
52,017,250,475,470,233
152,859,088,839,386,472
16,772,658,679,537,46
21,111,552,198,272,392
97,830,315,477,363,565
3,478,176,929,16,234
70,762,692,274,286,903
235,045,395,585,647,621
70,546,560,181,672,580
442,299,200,680,805,808
101,006,556,553,982,186
196,989,624,584,837,403
298,162,524,901,654,506
146,553,940,442,355,934
66,288,768,624,542,196
3,139,250,433,125,58
134,233,344,492,588,464
70,703,948,254,413,674
82,481,280,960,238,361
142,657,200,200,999,714
121,696,200,194,765,820
198,316,152,222,986,906
260,060,202,991,717,366
66,021,000,746,150,590
75,778,184,887,472,181
7,095,930,114,211,295
3,328,689,267,91,137
273,939,032,932,562,523
540,956,325,735,845,871
181,768,410,678,305,879
25,097,600,506,992,50
100,381,008,402,392,637
7,806,513,587,143,93
5,547,168,618,561,16
278,015,220,315,931,948
132,462,888,317,552,757
155,639,392,634,268,916
109,942,074,467,738,319
56,882,925,163,423,825
48,437,760,816,70,848
407,076,864,984,808,512
278,121,600,900,666,464
17,977,536,138,472,276
194,827,292,241,967,836
7,096,908,28,871,291
32,359,824,696,82,567
147,637,105,451,329,995
130,725,928,437,613,488
15,979,986,207,121,638
38,333,925,399,525,183
9,318,210,605,151,102
4,791,685,59,439,185
444,167,490,845,897,586
17,696,898,153,302,383
91,531,650,537,175,974
36,986,852,727,316,161
18,347,548,67,614,446
262,906,150,631,641,650
55,355,400,402,675,204
1,015,132,19,148,361
145,577,544,708,266,773
237,203,876,812,977,299
100,584,480,820,456,269
65,171,610,497,310,423
45,880,320,928,80,618
64,781,640,627,738,140
74,120,292,779,108,881
9,520,700,175,116,469
64,374,588,643,486,206
6,595,457,131,199,253
350,788,860,666,543,970
389,059,434,873,886,503
33,258,368,506,158,416
38,324,000,143,268,1000
43,227,752,542,157,508
12,883,178,407,34,931
313,342,671,971,789,409
36,279,552,291,974,128
5,016,924,22,246,927
452,617,360,806,695,808
666,942,530,922,727,995
135,231,411,807,259,647
12,794,208,474,964,28
17,343,656,902,44,437
62,792,730,170,451,819
122,086,440,280,567,769
14,265,584,586,34,716
75,570,768,316,949,252
18,467,904,302,336,182
79,827,660,604,267,495
424,341,390,869,615,794
217,185,948,387,917,612
51,768,858,298,237,733
301,692,624,564,692,773
387,875,100,465,932,895
71,647,989,339,277,763
93,806,272,763,226,544
37,459,941,463,543,149
12,849,408,176,351,208
34,763,750,685,875,58
13,493,529,43,357,879
285,980,892,586,489,998
566,072,559,993,611,933
276,122,792,811,424,803
40,335,974,694,133,437
49,183,504,158,932,334
156,612,060,418,690,543
91,348,640,964,115,824
12,634,592,134,284,332
11,908,780,281,65,652
199,051,128,522,516,739
118,236,240,670,817,216
94,737,060,297,778,410
168,948,720,428,612,645
64,051,130,130,517,953
4,074,840,22,210,882
377,210,698,743,811,626
293,432,260,605,803,604
39,273,000,150,265,988
118,769,976,324,613,598
23,436,444,183,404,317
377,258,284,652,611,947
259,950,390,977,362,735
410,954,427,813,997,507
118,741,248,419,864,328
966,570,55,29,606
156,814,920,885,963,184
318,169,820,857,977,380
382,464,810,574,765,871
117,583,410,818,259,555
122,460,107,847,887,163
16,622,865,113,315,467
130,350,1,869,150
376,584,26,213,68
144,460,800,352,450,912
28,709,772,431,182,366
1,152,957,3,611,629
635,770,590,969,910,721
135,320,100,835,730,222
184,246,272,784,612,384
34,566,168,476,931,78
64,421,760,290,712,312
492,861,460,910,563,962
100,359,870,929,390,277
645,149,216,808,866,922
7,996,884,332,93,259
645,888,3,256,841
85,640,016,232,462,799
398,929,524,438,971,938
96,997,824,616,648,243
261,990,465,869,597,505
474,395,256,984,593,813
1,545,600,40,80,483
218,700,000,972,375,600
210,229,268,958,971,226
81,257,781,709,759,151
265,890,984,606,458,958
278,293,158,879,702,451
218,438,160,281,948,820
5,819,000,11,1000,529
145,356,880,652,284,785
115,001,280,360,584,547
626,864,000,875,772,928
103,406,450,673,175,878
45,942,039,489,143,657
96,217,212,219,497,884
20,958,912,936,622,36
310,780,416,768,874,463
22,636,800,64,655,540
166,578,750,750,335,663
123,942,016,451,904,304
188,733,952,704,376,713
81,191,320,740,238,461
43,214,080,424,980,104
133,465,024,584,392,583
90,813,660,322,474,595
216,968,220,855,342,742
26,594,358,833,102,313
109,771,132,389,893,316
191,659,501,601,583,547
5,836,480,52,230,488
171,897,285,805,901,237
235,980,420,628,611,615
225,632,568,794,398,714
141,864,660,895,777,204
80,598,624,422,519,368
27,403,628,917,964,31
188,497,512,882,404,529
52,588,116,354,567,262
82,799,428,778,254,419
21,829,500,245,825,108
60,264,360,156,474,815
69,018,402,318,289,751
18,733,824,141,384,346
108,267,552,636,173,984
312,126,800,985,340,932
269,178,624,528,688,741
12,135,926,407,34,877
11,531,520,208,880,63
536,172,504,903,922,644
184,897,440,884,332,630
216,312,240,745,526,552
22,752,760,311,620,118
94,231,032,557,228,742
150,553,416,741,436,466
7,106,400,329,40,540
450,083,925,765,643,915
62,200,320,624,224,445
509,906,228,713,809,884
371,759,472,532,826,846
20,571,600,100,553,372
110,388,990,170,823,789
20,618,024,392,353,149
42,268,720,194,520,419
743,232,316,28,84
82,708,623,807,127,807
121,354,200,227,792,675
30,439,024,797,88,434
52,356,096,912,276,208
90,365,704,668,473,286
137,842,250,830,455,365
513,112,590,815,786,801
8,049,195,69,505,231
101,024,992,733,472,292
12,014,091,723,573,29
16,916,272,164,241,428
4,093,656,12,413,826
51,727,158,589,153,574
32,138,670,795,697,58
64,498,280,487,385,344
193,919,748,412,839,561
126,576,000,300,480,879
643,088,250,950,735,921
488,376,51,14,684
44,500,384,232,607,316
229,506,144,966,496,479
9,512,160,96,149,665
47,092,826,86,743,737
17,329,008,844,177,116
2,715,240,33,748,110
1,435,230,6,555,431
5,929,560,905,8,819
474,002,520,687,734,940
59,977,344,636,421,224
35,680,092,604,97,609
223,590,528,336,699,952
426,591,600,821,600,866
16,540,146,343,423,114
97,804,147,547,623,287
25,730,880,547,588,80
74,690,720,241,596,520
17,696,300,271,100,653
446,401,818,666,907,739
439,531,950,775,858,661
180,427,078,818,611,361
21,489,006,482,77,579
49,409,330,290,347,491
321,711,320,763,830,508
117,652,608,577,354,576
105,576,768,456,264,877
46,569,600,120,441,880
75,962,880,504,160,942
349,162,583,659,983,539
49,766,470,233,403,530
13,422,080,749,896,20
541,953,720,924,798,735
74,664,000,306,1000,244
483,014,720,899,730,736
289,348,110,685,558,757
224,571,204,666,858,393
52,615,000,619,136,625
83,281,968,957,222,392
7,624,092,532,281,51
399,212,064,628,872,729
649,221,552,984,683,966
113,334,425,283,415,965
472,293,855,495,957,997
28,147,750,185,170,895
551,712,604,908,709,857
25,741,440,72,656,545
191,087,728,632,802,377
194,006,340,342,955,594
170,484,720,380,654,686
1,758,276,6,338,867
373,429,056,728,536,957
49,303,100,475,337,308
248,180,052,556,779,573
11,967,900,278,205,210
193,183,164,937,207,996
6,300,888,823,174,44
15,215,421,559,129,211
132,413,952,528,461,544
163,675,728,867,828,228
118,424,960,940,254,496
34,537,536,237,576,253
2,558,728,538,29,164
140,681,800,476,514,575
133,273,376,212,716,878
30,857,740,641,580,83
49,776,766,877,59,962
153,466,649,347,943,469
31,602,458,69,1
267,026,760,702,715,532
223,541,598,431,742,699
112,129,110,255,459,958
62,791,771,547,529,217
102,801,720,357,460,626
93,719,388,813,644,179
454,117,428,828,999,549
72,362,220,978,302,245
434,535,123,573,971,781
1,908,900,75,101,252
17,013,240,890,36,531
23,531,760,245,552,174
114,510,584,394,452,643
19,893,640,571,871,40
244,886,112,892,558,492
475,991,670,935,966,527
164,536,494,519,541,586
81,861,120,288,748,380
5,645,018,134,409,103
472,586,400,650,816,891
287,966,448,594,787,616
327,937,248,648,699,724
1,163,484,18,486,133
14,849,568,204,108,674
64,611,694,721,346,259
111,446,280,424,531,495
3,456,640,220,982,16
1,716,834,997,6,287
17,697,113,133,491,271
34,282,682,973,223,158
48,573,840,140,997,348
13,613,600,55,455,544
65,084,250,322,375,539
14,452,176,136,267,398
443,108,196,719,901,684
20,601,600,290,888,80
394,923,600,810,680,717
287,448,000,600,812,590
54,785,185,515,637,167
438,729,480,917,540,886
58,774,032,408,302,477
142,715,680,739,284,680
32,333,400,276,275,426
19,095,912,342,846,66
425,087,916,957,758,586
48,096,500,124,535,725
4,006,464,16,542,462
140,560,420,572,833,295
370,755,132,906,979,418
414,532,728,817,783,648
44,728,200,216,753,275
336,926,904,956,778,453
387,831,504,771,844,596
198,572,640,904,420,523
77,999,328,283,792,348
180,278,000,632,326,875
369,984,384,946,672,582
661,839,507,771,997,861
569,486,796,866,863,762
182,183,008,478,574,664
41,340,915,485,369,231
127,139,400,555,664,345
243,813,504,586,591,704
485,396,240,680,761,938
6,051,864,884,42,163
210,059,934,626,609,551
50,518,000,536,130,725
270,041,408,932,364,796
354,900,096,997,824,432
24,359,478,957,979,26
266,142,480,731,820,444
80,890,110,270,889,337
15,297,336,732,486,43
28,616,301,207,609,227
144,300,288,384,589,638
33,485,400,81,530,780
149,189,1,773,193
672,503,040,928,792,915
250,885,530,987,687,370
280,358,224,808,794,437
22,923,524,52,587,751
148,744,134,747,862,231
121,570,176,686,568,312
293,562,360,783,515,728
106,549,632,876,181,672
86,441,940,340,533,477
7,722,720,240,173,186
233,510,640,968,935,258
180,390,672,952,594,319
2,693,280,543,16,310
30,666,944,176,343,508
218,209,376,472,836,553
553,891,536,913,792,766
3,331,548,36,179,517
19,277,910,139,201,690
1,299,960,46,180,157
404,684,910,666,643,945
83,630,820,390,742,289
32,858,904,241,598,228
4,838,940,180,309,87
226,344,960,614,768,480
10,403,925,147,745,95
61,218,640,644,980,97
31,156,260,428,115,633
5,843,864,332,26,677
126,108,000,339,400,930
17,828,160,70,379,672
4,244,492,119,964,37
121,127,292,253,837,572
150,991,662,258,587,997
70,552,776,552,589,217
271,267,122,427,937,678
4,520,698,421,26,413
433,078,155,645,789,851
450,566,760,740,654,931
2,122,098,111,22,869
34,793,712,628,513,108
5,574,280,73,332,230
588,812,760,930,818,774
235,042,236,801,988,297
7,837,280,88,610,146
59,421,120,993,64,935
139,207,569,219,667,953
68,674,671,169,489,831
91,637,976,514,332,537
77,522,328,552,169,831
126,434,945,535,637,371
40,915,050,275,543,274
4,496,940,15,581,516
515,532,420,754,710,963
5,921,181,63,177,531
539,424,824,986,587,932
443,117,376,767,612,944
18,179,844,276,331,199
155,595,000,759,820,250
42,961,644,172,957,261
120,101,400,150,828,967
106,832,649,707,241,627
252,762,048,328,973,792
256,692,576,591,554,784
12,578,380,419,158,190
11,912,156,997,58,206
300,739,014,603,823,606
91,878,017,341,631,427
11,178,972,318,42,837
1,211,860,79,26,590
89,206,572,273,541,604
41,001,012,261,636,247
52,014,900,329,310,510
305,807,632,598,659,776
883,872,48,186,99
29,639,280,206,872,165
63,089,775,861,75,977
14,384,604,169,519,164
23,109,372,134,201,858
12,289,548,61,412,489
126,187,360,824,494,310
237,591,820,590,887,454
31,630,911,179,299,591
252,527,860,988,485,527
59,230,584,279,446,476
523,122,320,590,994,892
21,365,056,146,269,544
53,855,550,945,695,82
14,124,600,380,413,90
8,868,448,32,743,373
224,721,300,510,695,634
43,680,35,8,156
173,501,955,615,309,913
25,153,800,452,318,175
1,560,090,115,646,21
4,408,400,824,50,107
218,494,848,736,572,519
117,784,800,570,336,615
57,392,160,420,899,152
148,269,360,566,472,555
103,065,138,474,363,599
15,275,544,834,76,241
218,707,328,443,812,608
25,169,820,598,305,138
53,288,766,738,113,639
284,236,260,714,770,517
2,103,423,349,861,7
294,717,790,974,365,829
165,046,728,946,268,651
20,078,080,128,310,506
1,012,300,955,265,4
93,893,408,257,392,932
25,429,360,740,121,284
29,624,690,230,151,853
6,351,795,391,361,45
5,906,285,385,667,23
440,107,356,789,631,884
258,636,240,648,478,835
197,312,408,284,766,907
27,706,250,155,286,625
158,146,500,372,895,475
51,124,284,894,706,81
138,091,030,259,814,655
19,347,900,492,605,65
30,794,400,282,455,240
81,859,662,134,659,927
134,288,352,194,828,836
44,233,000,500,623,142
20,437,563,419,687,71
51,907,680,696,339,220
140,762,520,290,834,582
213,096,972,582,979,374
20,974,275,579,525,69
203,945,940,913,340,657
107,744,868,827,987,132
125,000,260,847,235,628
563,746,248,998,639,884
23,529,000,465,230,220
114,465,960,721,392,405
158,549,138,734,269,803
84,091,392,448,396,474
13,914,504,788,27,654
136,355,960,184,845,877
577,765,332,692,867,963
99,238,755,365,363,749
477,089,256,744,907,707
207,163,737,919,621,363
5,976,180,189,51,620
27,535,545,173,243,655
122,265,000,440,325,855
4,733,680,395,214,56
13,835,328,299,482,96
76,592,304,432,339,523
263,838,237,793,449,741
390,904,800,550,871,816
255,930,220,373,845,812
431,673,255,855,547,923
279,275,430,805,863,402
36,499,400,62,725,812
493,360,000,625,881,896
43,639,000,340,151,850
5,951,504,923,248,26
273,420,930,3,98
7,607,838,791,14,687
5,428,944,177,426,72
251,173,278,921,834,327
259,032,375,441,635,925
191,969,019,881,279,781
23,945,184,696,244,141
27,208,000,100,716,380
322,334,552,788,454,901
84,100,004,556,361,419
96,984,120,841,465,248
589,941,576,802,973,756
259,291,480,799,665,488
43,561,944,673,348,186
18,175,428,486,813,46
1,923,408,361,592,9
256,650,118,29,75
152,215,452,281,738,734
70,612,428,359,444,443
67,300,416,986,632,108
912,168,492,2,927
5,581,224,174,108,297
11,235,651,179,343,183
4,900,896,816,39,154
6,095,520,249,480,51
2,556,632,61,403,104
5,480,448,446,96,128
80,415,360,960,607,138
208,312,560,744,510,549
29,823,984,558,131,408
604,800,40,336,45
9,964,215,135,177,417
114,184,896,229,784,636
162,488,312,518,476,659
208,003,800,775,633,424
117,068,952,886,363,364
435,966,640,734,958,620
193,373,180,743,676,385
174,344,1,703,248
37,761,888,944,59,678
74,761,520,515,211,688
23,070,864,617,48,779
79,463,538,638,189,659
102,836,960,362,670,424
1,463,400,271,270,20
1,212,400,433,560,5
65,670,000,995,110,600
6,252,480,668,15,624
36,480,000,500,160,456
141,440,085,555,969,263
46,771,896,493,708,134
56,961,792,201,864,328
164,968,356,812,843,241
7,045,038,897,102,77
67,310,400,758,370,240
186,954,075,605,945,327
262,205,060,538,815,598
96,182,256,802,152,789
224,148,640,727,656,470
20,403,900,229,300,297
106,293,396,669,314,506
43,168,500,543,159,500
235,716,052,988,943,253
5,154,408,42,487,252
6,739,200,720,52,180
59,925,600,336,725,246
683,688,61,934,12
255,941,210,370,743,931
23,577,708,462,158,323
514,993,284,559,978,942
150,017,928,204,818,899
196,782,048,961,648,316
307,983,730,323,983,970
59,560,200,280,815,261
115,546,790,323,431,830
405,291,248,604,739,908
29,054,520,345,484,174
134,809,920,420,743,432
19,311,687,359,417,129
590,335,200,850,819,848
303,280,068,961,867,364
6,294,624,29,969,224
81,939,110,233,695,506
6,043,840,748,101,80
267,764,146,7,262
155,878,016,406,448,857
14,422,120,835,34,508
448,731,360,497,912,990
78,289,783,121,923,701
